# Zobo camera partition table - dva app sloty, aby sla aktualizace po siti.
#
# Novy obraz se stahuje do toho slotu, ktery zrovna nebezi, takze pri neuspechu
# zustava stary firmware nedotceny. Aplikace ma ~1,1 MB, slot 1,875 MB - je kam
# rust. Vic uz se do 4 MB flash pri dvou slotech nevejde.
#
# Name,     Type, SubType, Offset,   Size,     Flags
nvs,        data, nvs,     0x9000,   0x4000,
otadata,    data, ota,     0xd000,   0x2000,
phy_init,   data, phy,     0xf000,   0x1000,
ota_0,      app,  ota_0,   0x10000,  0x1E0000,
ota_1,      app,  ota_1,   0x1F0000, 0x1E0000,
